flagged,TP,FP,TN,FN,precision,recall,specificity,fpr,winners_flagged,non_tail_losses_flagged,tail_flagged,tail_total,baseline_net,net_if_flagged_removed,delta_net_if_removed,target_hits_lost,policy
5,3,2,48,0,0.6,1.0,0.96,0.04,0,2,3,3,28757.00000000003,80940.00000000006,52183.00000000003,0,path_high
10,3,7,43,0,0.3,1.0,0.86,0.14,5,2,3,3,28757.00000000003,72600.00000000006,43843.00000000003,5,path_medhigh
11,3,8,42,0,0.2727272727272727,1.0,0.84,0.16,6,2,3,3,28757.00000000003,70740.00000000006,41983.00000000003,6,final_high
22,3,19,31,0,0.13636363636363635,1.0,0.62,0.38,17,2,3,3,28757.00000000003,52020.0,23262.99999999997,17,early_medhigh
22,3,19,31,0,0.13636363636363635,1.0,0.62,0.38,17,2,3,3,28757.00000000003,52020.0,23262.99999999997,17,final_medhigh
10,2,8,42,1,0.2,0.6666666666666666,0.84,0.16,6,2,2,3,28757.00000000003,47308.00000000008,18551.00000000005,6,early_high
