policy,TP,FP,TN,FN,precision,recall,delta_net_if_removed,target_hits_lost
path_live_high,2,4,46,1,0.3333333333333333,0.6666666666666666,25391.00000000005,2
path_live_medhigh,3,8,42,0,0.2727272727272727,1.0,42223.00000000003,6
final_live_high,2,8,42,1,0.2,0.6666666666666666,18551.00000000005,6
final_live_medhigh,3,20,30,0,0.13043478260869565,1.0,21642.99999999997,18
